Name,Age,Email,Contanct
San Pedo 1,23,11@mail.com,09620526788
San Pedo 2,34,22@mail.com,09290541886
San Pedo 3,32,33@mail.com,09830098221
San Pedo 4,22,44@mail.com,09346725784
San Pedo 5,36,55@mail.com,09355838152
San Pedo 6,34,64@mail.com,09928242522
San Pedo 7,23,71@mail.com,09163066841
San Pedo 8,34,82@mail.com,09809077449
San Pedo 9,32,93@mail.com,09816879517
San Pedo 10,22,104@mail.com,09816175741
San Pedo 11,36,115@mail.com,09492290049
San Pedo 12,34,124@mail.com,09211967668
San Pedo 13,23,131@mail.com,09113267982
San Pedo 14,34,142@mail.com,09671529225
San Pedo 15,32,153@mail.com,0938184147
San Pedo 16,22,164@mail.com,0931957725
San Pedo 17,36,175@mail.com,0942679375
San Pedo 18,34,184@mail.com,09768799065
San Pedo 19,23,191@mail.com,09738243777
San Pedo 20,34,202@mail.com,09233925471
San Pedo 21,32,213@mail.com,09600563100
San Pedo 22,22,224@mail.com,0917422617
San Pedo 23,36,235@mail.com,09326310616
San Pedo 24,34,244@mail.com,09209714155
San Pedo 25,23,251@mail.com,09666508936
San Pedo 26,34,262@mail.com,09816870724
San Pedo 27,32,273@mail.com,09340462418
San Pedo 28,22,284@mail.com,09489983039
San Pedo 29,36,295@mail.com,09273790527
San Pedo 30,34,304@mail.com,0977412861
San Pedo 31,23,311@mail.com,09650129161
San Pedo 32,34,322@mail.com,09196087419
San Pedo 33,32,333@mail.com,0957086623
San Pedo 34,22,344@mail.com,0984809086
San Pedo 35,36,355@mail.com,0947144363
San Pedo 36,34,364@mail.com,09879479364
San Pedo 37,23,371@mail.com,09443108001
San Pedo 38,34,382@mail.com,09208470291
San Pedo 39,32,393@mail.com,09680791548
San Pedo 40,22,404@mail.com,09608034996
San Pedo 41,36,415@mail.com,09899834256
San Pedo 42,34,424@mail.com,09805168760
San Pedo 43,23,431@mail.com,09633507235
San Pedo 44,34,442@mail.com,09901877219
San Pedo 45,32,453@mail.com,0992291563
San Pedo 46,22,464@mail.com,0954168799
San Pedo 47,36,475@mail.com,09731753210
San Pedo 48,34,484@mail.com,09395678519
San Pedo 49,23,491@mail.com,09106278796
San Pedo 50,34,502@mail.com,09874687216
San Pedo 51,32,513@mail.com,09765672864
San Pedo 52,22,524@mail.com,09910090486
San Pedo 53,36,535@mail.com,09996175840
San Pedo 54,34,544@mail.com,09522882033
San Pedo 55,23,551@mail.com,09651497378
San Pedo 56,34,562@mail.com,09951862769
San Pedo 57,32,573@mail.com,09788945139
San Pedo 58,22,584@mail.com,09943107028