name,age,email,contact
James Butt,46,jbutt@gmail.com,504-845-1427
Josephine Darakjy,34,josephine_darakjy@darakjy.org,810-374-9840
Art Venere,49,art@venere.org,856-264-4130
Lenna Paprocki,39,lpaprocki@hotmail.com,907-921-2010
Donette Foller,25,donette.foller@cox.net,513-549-4561
Simona Morasca,31,simona@morasca.com,419-800-6759
Mitsue Tollner,36,mitsue_tollner@yahoo.com,773-924-8565
Leota Dilliard,20,leota@hotmail.com,408-813-1105
Sage Wieser,42,sage_wieser@cox.net,605-794-4895
Kris Marrier,36,kris@gmail.com,410-804-4694
Minna Amigon,27,minna_amigon@yahoo.com,215-422-8694
Abel Maclead,21,amaclead@gmail.com,631-677-3675
Kiley Caldarera,29,kiley.caldarera@aol.com,310-254-3084
Graciela Ruta,31,gruta@cox.net,440-579-7763
Cammy Albares,41,calbares@gmail.com,956-841-7216
Mattie Poquette,42,mattie@aol.com,602-953-6360
Meaghan Garufi,33,meaghan@hotmail.com,931-235-7959
Gladys Rim,32,gladys.rim@rim.org,414-377-2880
Yuki Whobrey,26,yuki_whobrey@aol.com,313-341-4470
Fletcher Flosi,49,fletcher.flosi@yahoo.com,815-426-5657
Bette Nicka,29,bette_nicka@cox.net,610-492-4643
Veronika Inouye,41,vinouye@aol.com,408-813-4592
Willard Kolmetz,26,willard@hotmail.com,972-896-4882
Maryann Royster,28,mroyster@royster.com,518-448-8982
Alisha Slusarski,20,alisha@slusarski.com,732-635-3453
Allene Iturbide,28,allene_iturbide@cox.net,715-530-9863
Chanel Caudy,21,chanel.caudy@caudy.org,913-899-1103
Ezekiel Chui,48,ezekiel@chui.com,410-235-8738
Willow Kusko,36,wkusko@yahoo.com,212-934-5167
Bernardo Figeroa,29,bfigeroa@aol.com,936-597-3614
Ammie Corrio,44,ammie@corrio.com,614-648-3265
Francine Vocelka,43,francine_vocelka@vocelka.com,505-335-5293
Ernie Stenseth,38,ernie_stenseth@aol.com,201-387-9093
Albina Glick,31,albina@glick.com,732-782-6701
Alishia Sergi,25,asergi@gmail.com,212-753-2740
Solange Shinko,32,solange@shinko.com,504-265-8174
Jose Stockham,36,jose@yahoo.com,212-569-4233
Rozella Ostrosky,28,rozella.ostrosky@ostrosky.com,805-609-1531
Valentine Gillian,21,valentine_gillian@gmail.com,210-300-6244
Kati Rulapaugh,34,kati.rulapaugh@hotmail.com,785-219-7724
Youlanda Schemmer,46,youlanda@aol.com,541-993-2611
Dyan Oldroyd,22,doldroyd@aol.com,913-645-8918
Roxane Campain,42,roxane@hotmail.com,907-335-6568
Lavera Perin,41,lperin@perin.org,305-995-2078
Erick Ferencz,21,erick.ferencz@aol.com,907-227-6777
Fatima Saylors,32,fsaylors@saylors.org,952-479-2375
Jina Briddick,42,jina_briddick@briddick.com,617-997-5771
Kanisha Waycott,44,kanisha_waycott@yahoo.com,323-315-7314
Emerson Bowley,41,emerson.bowley@bowley.org,608-658-7940
Blair Malet,45,bmalet@yahoo.com,215-794-4519
Brock Bolognia,23,bbolognia@yahoo.com,212-617-5063
Lorrie Nestle,27,lnestle@hotmail.com,931-303-6041
Sabra Uyetake,40,sabra@uyetake.org,803-681-3678
Marjory Mastella,38,mmastella@mastella.com,610-379-7125
Karl Klonowski,30,karl_klonowski@yahoo.com,908-470-4661
Tonette Wenner,33,twenner@aol.com,516-333-4861
Amber Monarrez,36,amber_monarrez@monarrez.org,215-329-6386
Shenika Seewald,45,shenika@gmail.com,818-749-8650
Delmy Ahle,22,delmy.ahle@hotmail.com,401-559-8961
Deeanna Juhas,34,deeanna_juhas@gmail.com,215-417-9563
Blondell Pugh,21,bpugh@aol.com,401-300-8122
Jamal Vanausdal,41,jamal@vanausdal.org,732-904-2931
Cecily Hollack,20,cecily@hollack.org,512-861-3814
Carmelina Lindall,35,carmelina_lindall@lindall.com,303-874-5160
Maurine Yglesias,41,maurine_yglesias@yglesias.com,414-573-7719
Tawna Buvens,41,tawna@gmail.com,212-462-9157
Penney Weight,33,penney_weight@aol.com,907-873-2882
Elly Morocco,27,elly_morocco@gmail.com,814-420-3553
Ilene Eroman,50,ilene.eroman@hotmail.com,410-937-4543
Vallie Mondella,30,vmondella@mondella.com,208-737-8439
Kallie Blackwood,43,kallie.blackwood@gmail.com,415-604-7609
Johnetta Abdallah,33,johnetta_abdallah@aol.com,919-715-3791
Bobbye Rhym,34,brhym@rhym.com,650-811-9032
Micaela Rhymes,33,micaela_rhymes@gmail.com,925-522-7798
Tamar Hoogland,23,tamar@hotmail.com,740-526-5410
Moon Parlato,23,moon@yahoo.com,585-498-4278
Laurel Reitler,22,laurel_reitler@reitler.com,410-957-6903
Delisa Crupi,50,delisa.crupi@crupi.com,973-847-9611
Viva Toelkes,30,viva.toelkes@gmail.com,773-352-3437
Elza Lipke,20,elza@yahoo.com,973-796-3667
Devorah Chickering,27,devorah@hotmail.com,505-950-1763
Timothy Mulqueen,43,timothy_mulqueen@mulqueen.org,718-654-7063
Arlette Honeywell,40,ahoneywell@honeywell.com,904-514-9918
Dominque Dickerson,47,dominque.dickerson@dickerson.org,510-901-7640
Lettie Isenhower,43,lettie_isenhower@yahoo.com,216-733-8494
Myra Munns,42,mmunns@cox.net,817-451-3518
Stephaine Barfield,22,stephaine@barfield.com,310-968-1219
Lai Gato,37,lai.gato@gato.org,847-957-4614
Stephen Emigh,45,stephen_emigh@hotmail.com,330-700-2312
Tyra Shields,21,tshields@gmail.com,215-228-8264
Tammara Wardrip,35,twardrip@cox.net,650-216-5075
Cory Gibes,36,cory.gibes@gmail.com,626-696-2777
Danica Bruschke,35,danica_bruschke@gmail.com,254-205-1422
Wilda Giguere,48,wilda@cox.net,907-914-9482
Elvera Benimadho,47,elvera.benimadho@cox.net,408-440-8447
Carma Vanheusen,23,carma@cox.net,510-452-4835
Malinda Hochard,30,malinda.hochard@yahoo.com,317-472-2412
Natalie Fern,43,natalie.fern@hotmail.com,307-279-3793
Lisha Centini,38,lisha@centini.org,703-475-7568
Arlene Klusman,46,arlene_klusman@gmail.com,504-946-1807
Alease Buemi,27,alease@buemi.com,303-521-9860
Louisa Cronauer,45,louisa@cronauer.com,510-472-7758
Angella Cetta,35,angella.cetta@hotmail.com,808-475-2310
Cyndy Goldammer,35,cgoldammer@cox.net,952-938-9457
Rosio Cork,42,rosio.cork@gmail.com,336-497-4407
Celeste Korando,38,ckorando@hotmail.com,516-365-7266
Twana Felger,31,twana.felger@felger.org,503-909-7167
Estrella Samu,23,estrella@aol.com,608-942-8836
Donte Kines,39,dkines@hotmail.com,508-843-1426
Tiffiny Steffensmeier,26,tiffiny_steffensmeier@cox.net,305-304-6573
Edna Miceli,31,emiceli@miceli.org,814-299-2877
Sue Kownacki,31,sue@aol.com,972-742-4000
Jesusa Shin,44,jshin@shin.com,931-739-1551
Rolland Francescon,46,rolland@cox.net,973-284-4048
Pamella Schmierer,49,pamella.schmierer@schmierer.org,305-575-8481
Glory Kulzer,36,gkulzer@kulzer.org,410-916-8015
Shawna Palaspas,41,shawna_palaspas@palaspas.org,805-638-6617
Brandon Callaro,31,brandon_callaro@hotmail.com,808-240-5168
Scarlet Cartan,24,scarlet.cartan@yahoo.com,229-365-9658
Oretha Menter,39,oretha_menter@yahoo.com,617-697-6024
Ty Smith,49,tsmith@aol.com,201-995-3149
Xuan Rochin,50,xuan@gmail.com,650-247-2625
Lindsey Dilello,20,lindsey.dilello@hotmail.com,909-589-1693
Devora Perez,49,devora_perez@perez.org,510-755-9274
Herman Demesa,42,hdemesa@cox.net,518-931-7852
Rory Papasergi,42,rpapasergi@cox.net,570-469-8401
Talia Riopelle,39,talia_riopelle@aol.com,973-818-9788
Van Shire,38,van.shire@shire.com,908-448-1209
Lucina Lary,37,lucina_lary@cox.net,321-632-4668
Bok Isaacs,20,bok.isaacs@aol.com,718-478-8568
Rolande Spickerman,22,rolande.spickerman@spickerman.com,808-526-5863
Howard Paulas,25,hpaulas@gmail.com,303-692-3118
Kimbery Madarang,39,kimbery_madarang@cox.net,973-225-6259
Thurman Manno,35,thurman.manno@yahoo.com,609-234-8376
Becky Mirafuentes,29,becky.mirafuentes@mirafuentes.com,908-426-8272
Beatriz Corrington,35,beatriz@yahoo.com,508-315-3867
Marti Maybury,21,marti.maybury@yahoo.com,773-539-1058
Nieves Gotter,32,nieves_gotter@gmail.com,503-455-3094
Leatha Hagele,44,lhagele@cox.net,214-225-5850
Valentin Klimek,31,vklimek@klimek.org,312-512-2338
Melissa Wiklund,27,melissa@cox.net,419-254-4591
Sheridan Zane,40,sheridan.zane@zane.com,951-248-6822
Bulah Padilla,21,bulah_padilla@hotmail.com,254-816-8417
Audra Kohnert,30,audra@kohnert.com,615-448-9249
Daren Weirather,38,dweirather@aol.com,414-838-3151
Fernanda Jillson,20,fjillson@aol.com,410-724-6472
Gearldine Gellinger,32,gearldine_gellinger@gellinger.com,972-821-7118
Chau Kitzman,40,chau@gmail.com,310-969-7230
Theola Frey,26,theola_frey@frey.com,516-357-3362
Cheryl Haroldson,31,cheryl@haroldson.org,609-263-9243
Laticia Merced,43,lmerced@gmail.com,513-418-1566
Carissa Batman,41,carissa.batman@yahoo.com,541-801-5717
Lezlie Craghead,20,lezlie.craghead@craghead.org,919-885-2453
Ozell Shealy,26,oshealy@hotmail.com,212-880-8865
Arminda Parvis,50,arminda@parvis.com,602-277-3025
Reita Leto,21,reita.leto@gmail.com,317-787-5514
Yolando Luczki,22,yolando@cox.net,315-640-6357
Lizette Stem,44,lizette.stem@aol.com,856-702-3676
Gregoria Pawlowicz,40,gpawlowicz@yahoo.com,516-376-4230
Carin Deleo,25,cdeleo@deleo.com,501-409-6072
Chantell Maynerich,43,chantell@yahoo.com,651-776-9688
Dierdre Yum,50,dyum@yahoo.com,215-346-4666
Larae Gudroe,40,larae_gudroe@gmail.com,985-261-5783
Latrice Tolfree,26,latrice.tolfree@hotmail.com,631-998-2102
Kerry Theodorov,29,kerry.theodorov@gmail.com,916-770-7448
Dorthy Hidvegi,32,dhidvegi@yahoo.com,208-690-3315
Fannie Lungren,20,fannie.lungren@yahoo.com,512-528-9933
Evangelina Radde,47,evangelina@aol.com,215-417-5612
Novella Degroot,37,novella_degroot@degroot.org,808-746-1865
Clay Hoa,26,choa@hoa.org,775-848-9135
Jennifer Fallick,46,jfallick@yahoo.com,847-800-3054
Irma Wolfgramm,29,irma.wolfgramm@hotmail.com,973-868-8660
Eun Coody,23,eun@yahoo.com,864-594-4578
Sylvia Cousey,43,sylvia_cousey@cousey.org,410-863-8263
Nana Wrinkles,45,nana@aol.com,914-796-3775
Layla Springe,41,layla.springe@cox.net,212-253-7448
Joesph Degonia,24,joesph_degonia@degonia.org,510-942-5916
Annabelle Boord,43,annabelle.boord@cox.net,978-289-7717
Stephaine Vinning,45,stephaine@cox.net,415-712-9530
Nelida Sawchuk,38,nelida@gmail.com,201-247-8925
Marguerita Hiatt,48,marguerita.hiatt@gmail.com,925-541-8521
Carmela Cookey,29,ccookey@cookey.org,773-297-9391
Junita Brideau,33,jbrideau@aol.com,973-582-5469
Claribel Varriano,31,claribel_varriano@cox.net,419-573-2033
Benton Skursky,43,benton.skursky@aol.com,310-694-8466
Hillary Skulski,31,hillary.skulski@aol.com,352-990-5946
Merilyn Bayless,35,merilyn_bayless@cox.net,408-346-2180
Teri Ennaco,29,tennaco@gmail.com,570-355-1665
Merlyn Lawler,41,merlyn_lawler@hotmail.com,201-858-9960
Georgene Montezuma,28,gmontezuma@cox.net,925-943-3449
Jettie Mconnell,43,jmconnell@hotmail.com,908-602-5258
Lemuel Latzke,50,lemuel.latzke@gmail.com,631-291-4976
Melodie Knipp,37,mknipp@gmail.com,805-810-8964
Candida Corbley,42,candida_corbley@hotmail.com,908-943-6103
Karan Karpin,29,karan_karpin@gmail.com,503-707-5812
Andra Scheyer,27,andra@gmail.com,503-950-3068
Felicidad Poullion,40,fpoullion@poullion.com,856-828-6021
Belen Strassner,22,belen_strassner@aol.com,770-802-4003
Gracia Melnyk,31,gracia@melnyk.com,904-627-4341
Jolanda Hanafan,49,jhanafan@gmail.com,207-233-6185
Barrett Toyama,26,barrett.toyama@toyama.org,817-577-6151
Helga Fredicks,46,helga_fredicks@yahoo.com,716-854-9845
Ashlyn Pinilla,25,apinilla@cox.net,305-857-5489
Fausto Agramonte,32,fausto_agramonte@yahoo.com,212-778-3063
Ronny Caiafa,34,ronny.caiafa@caiafa.org,215-511-3531
Marge Limmel,37,marge@gmail.com,850-330-8079
Norah Waymire,34,norah.waymire@gmail.com,415-874-2984
Aliza Baltimore,37,aliza@aol.com,408-425-1994
Mozell Pelkowski,27,mpelkowski@pelkowski.org,650-960-1069
Viola Bitsuie,39,viola@gmail.com,818-481-5787
Franklyn Emard,29,femard@emard.com,215-483-3003
Willodean Konopacki,46,willodean_konopacki@konopacki.org,337-774-7564
Beckie Silvestrini,20,beckie.silvestrini@silvestrini.com,313-390-7855
Rebecka Gesick,37,rgesick@gesick.org,512-693-8345
Frederica Blunk,26,frederica_blunk@gmail.com,214-529-1949
Glen Bartolet,25,glen_bartolet@hotmail.com,206-389-1482
Freeman Gochal,44,freeman_gochal@aol.com,610-752-2683
Vincent Meinerding,36,vincent.meinerding@hotmail.com,215-829-4221
Rima Bevelacqua,29,rima@cox.net,310-499-4200
Glendora Sarbacher,23,gsarbacher@gmail.com,707-881-3154
Avery Steier,22,avery@cox.net,407-945-8566
Cristy Lother,40,cristy@lother.com,760-465-4762
Nicolette Brossart,50,nicolette_brossart@brossart.com,508-504-6388
Tracey Modzelewski,28,tracey@hotmail.com,936-988-8171
Virgina Tegarden,48,virgina_tegarden@tegarden.com,414-411-5744
Tiera Frankel,36,tfrankel@aol.com,626-638-4241
Alaine Bergesen,37,alaine_bergesen@cox.net,914-654-1426
Earleen Mai,22,earleen_mai@cox.net,214-785-6750
Leonida Gobern,42,leonida@gobern.org,228-432-4635
Ressie Auffrey,48,ressie.auffrey@yahoo.com,305-287-4743
Justine Mugnolo,30,jmugnolo@yahoo.com,212-311-6377
Eladia Saulter,41,eladia@saulter.com,201-365-8698
Chaya Malvin,43,chaya@malvin.com,734-408-8174
Gwenn Suffield,46,gwenn_suffield@suffield.org,631-295-9879
Salena Karpel,46,skarpel@cox.net,330-618-2579
Yoko Fishburne,33,yoko@fishburne.com,203-840-8634
Taryn Moyd,27,taryn.moyd@hotmail.com,703-938-7939
Katina Polidori,44,katina_polidori@aol.com,978-679-7429
Rickie Plumer,31,rickie.plumer@aol.com,419-313-5571
Alex Loader,33,alex@loader.com,253-875-9222
Lashon Vizarro,21,lashon@aol.com,916-289-4526
Lauran Burnard,20,lburnard@burnard.com,307-453-7589
Ceola Setter,38,ceola.setter@setter.org,207-297-5029
My Rantanen,37,my@hotmail.com,215-647-2158
Lorrine Worlds,42,lorrine.worlds@worlds.com,813-863-6467
Peggie Sturiale,49,peggie@cox.net,619-695-8086
Marvel Raymo,20,mraymo@yahoo.com,979-809-5770
Daron Dinos,33,daron_dinos@cox.net,847-265-6609
An Fritz,40,an_fritz@hotmail.com,609-854-7156
Portia Stimmel,28,portia.stimmel@aol.com,908-670-4712
Rhea Aredondo,35,rhea_aredondo@cox.net,718-280-4183
Benedict Sama,46,bsama@cox.net,314-858-4832
Alyce Arias,45,alyce@arias.org,209-242-7022
Heike Berganza,46,heike@gmail.com,973-822-8827
Carey Dopico,32,carey_dopico@dopico.org,317-441-5848
Dottie Hellickson,44,dottie@hellickson.org,206-295-5631
Deandrea Hughey,32,deandrea@yahoo.com,336-467-3095
Kimberlie Duenas,38,kimberlie_duenas@yahoo.com,785-616-1685
Martina Staback,48,martina_staback@staback.com,407-429-2145
Skye Fillingim,48,skye_fillingim@yahoo.com,612-664-6304
Jade Farrar,28,jade.farrar@yahoo.com,803-975-3405
Charlene Hamilton,49,charlene.hamilton@hotmail.com,707-821-8037
Geoffrey Acey,32,geoffrey@gmail.com,847-556-2909
Stevie Westerbeck,37,stevie.westerbeck@yahoo.com,949-903-3898
Pamella Fortino,28,pamella@fortino.com,303-794-1341
Harrison Haufler,45,hhaufler@hotmail.com,203-801-8497
Johnna Engelberg,22,jengelberg@engelberg.org,425-700-3751
Buddy Cloney,37,buddy.cloney@yahoo.com,440-327-2093
Dalene Riden,21,dalene.riden@aol.com,603-745-7497
Jerry Zurcher,46,jzurcher@zurcher.org,321-597-2159
Haydee Denooyer,22,hdenooyer@denooyer.org,212-782-3493
Joseph Cryer,48,joseph_cryer@cox.net,714-698-2170
Deonna Kippley,42,deonna_kippley@hotmail.com,248-793-4966
Raymon Calvaresi,22,raymon.calvaresi@gmail.com,317-342-1532
Alecia Bubash,46,alecia@aol.com,940-302-3036
Ma Layous,30,mlayous@hotmail.com,203-564-1543
Detra Coyier,37,detra@aol.com,410-259-2118
Terrilyn Rodeigues,39,terrilyn.rodeigues@cox.net,504-635-8518
Salome Lacovara,26,slacovara@gmail.com,804-858-1011
Garry Keetch,29,garry_keetch@hotmail.com,215-846-9046
Matthew Neither,37,mneither@yahoo.com,952-906-4597
Theodora Restrepo,31,theodora.restrepo@restrepo.com,305-573-1085
Noah Kalafatis,50,noah.kalafatis@aol.com,414-660-9766
Carmen Sweigard,30,csweigard@sweigard.com,732-445-6940
Lavonda Hengel,46,lavonda@cox.net,701-421-7080
Junita Stoltzman,35,junita@aol.com,775-578-1214
Herminia Nicolozakes,37,herminia@nicolozakes.org,602-304-6433
Casie Good,30,casie.good@aol.com,615-825-4297
Reena Maisto,46,reena@hotmail.com,410-951-2667
Mirta Mallett,31,mirta_mallett@gmail.com,212-745-6948
Cathrine Pontoriero,37,cathrine.pontoriero@pontoriero.com,806-558-5848
Filiberto Tawil,50,ftawil@hotmail.com,323-842-8226
Raul Upthegrove,44,rupthegrove@yahoo.com,619-666-4765
Sarah Candlish,38,sarah.candlish@gmail.com,770-531-2842
Lucy Treston,37,lucy@cox.net,508-502-5634
Judy Aquas,42,jaquas@aquas.com,269-431-9464
Yvonne Tjepkema,42,yvonne.tjepkema@hotmail.com,973-976-8627
Kayleigh Lace,23,kayleigh.lace@yahoo.com,337-751-2326
Felix Hirpara,42,felix_hirpara@cox.net,717-583-1497
Tresa Sweely,44,tresa_sweely@hotmail.com,314-231-3514
Kristeen Turinetti,30,kristeen@gmail.com,817-947-9480
Jenelle Regusters,37,jregusters@regusters.com,813-357-7296
Renea Monterrubio,25,renea@hotmail.com,770-930-9967
Olive Matuszak,26,olive@aol.com,760-745-2649
Ligia Reiber,49,lreiber@cox.net,517-747-7664
Christiane Eschberger,23,christiane.eschberger@yahoo.com,602-330-6894
Goldie Schirpke,31,goldie.schirpke@yahoo.com,207-748-3722
Loreta Timenez,24,loreta.timenez@hotmail.com,301-392-6698
Fabiola Hauenstein,32,fabiola.hauenstein@hauenstein.org,717-344-2804
Amie Perigo,46,amie.perigo@yahoo.com,972-898-1033
Raina Brachle,38,raina.brachle@brachle.org,406-374-7752
Erinn Canlas,23,erinn.canlas@canlas.com,973-563-9502
Cherry Lietz,50,cherry@lietz.com,248-697-7722
Kattie Vonasek,37,kattie@vonasek.org,216-270-9653
Lilli Scriven,33,lilli@aol.com,325-667-7868
Whitley Tomasulo,26,whitley.tomasulo@aol.com,817-819-7799
Barbra Adkin,34,badkin@hotmail.com,718-732-9475
Hermila Thyberg,40,hermila_thyberg@hotmail.com,401-885-7681
Jesusita Flister,38,jesusita.flister@hotmail.com,717-686-7564
Caitlin Julia,39,caitlin.julia@julia.org,401-552-9059
Roosevelt Hoffis,24,roosevelt.hoffis@aol.com,305-302-1135
Helaine Halter,44,hhalter@yahoo.com,201-412-3040
Lorean Martabano,32,lorean.martabano@hotmail.com,210-634-2447
France Buzick,47,france.buzick@yahoo.com,718-853-3740
Justine Ferrario,48,jferrario@hotmail.com,909-631-5703
Adelina Nabours,46,adelina_nabours@gmail.com,216-937-5320
Derick Dhamer,25,ddhamer@cox.net,212-225-9676
Jerry Dallen,35,jerry.dallen@yahoo.com,804-808-9574
Leota Ragel,46,leota.ragel@gmail.com,706-616-5131
Jutta Amyot,47,jamyot@hotmail.com,337-991-8070
Aja Gehrett,38,aja_gehrett@hotmail.com,973-986-4456
Kirk Herritt,40,kirk.herritt@aol.com,607-350-7690
Leonora Mauson,43,leonora@yahoo.com,973-355-2120
Winfred Brucato,40,winfred_brucato@hotmail.com,208-793-4108
Tarra Nachor,31,tarra.nachor@cox.net,415-284-2730
Corinne Loder,31,corinne@loder.org,508-618-7826
Dulce Labreche,23,dulce_labreche@yahoo.com,248-811-5696
Kate Keneipp,46,kate_keneipp@yahoo.com,920-355-1610
Kaitlyn Ogg,41,kaitlyn.ogg@gmail.com,410-773-3862
Sherita Saras,43,sherita.saras@cox.net,719-547-9543
Lashawnda Stuer,20,lstuer@cox.net,419-399-1744
Ernest Syrop,35,ernest@cox.net,301-257-4883
Nobuko Halsey,33,nobuko.halsey@yahoo.com,508-897-7916
Lavonna Wolny,45,lavonna.wolny@hotmail.com,703-892-2914
Lashaunda Lizama,45,llizama@cox.net,410-912-6032
Mariann Bilden,41,mariann.bilden@aol.com,512-742-1149
Helene Rodenberger,37,helene@aol.com,623-426-4907
Roselle Estell,47,roselle.estell@hotmail.com,419-488-6648
Samira Heintzman,23,sheintzman@hotmail.com,206-923-6042
Margart Meisel,36,margart_meisel@yahoo.com,513-747-9603
Kristofer Bennick,30,kristofer.bennick@yahoo.com,812-442-8544
Weldon Acuff,34,wacuff@gmail.com,847-613-5866
Shalon Shadrick,29,shalon@cox.net,718-394-4974
Denise Patak,50,denise@patak.org,407-808-3254
Louvenia Beech,27,louvenia.beech@beech.com,310-652-2379
Audry Yaw,47,audry.yaw@yaw.org,813-744-7100
Kristel Ehmann,21,kristel.ehmann@aol.com,915-300-6100
Vincenza Zepp,44,vzepp@gmail.com,619-935-6661
Elouise Gwalthney,30,egwalthney@yahoo.com,301-591-3034
Venita Maillard,20,venita_maillard@gmail.com,714-663-9740
Kasandra Semidey,34,kasandra_semidey@semidey.com,314-697-3652
Xochitl Discipio,25,xdiscipio@gmail.com,512-942-3411
Maile Linahan,38,mlinahan@yahoo.com,336-364-6037
Krissy Rauser,28,krauser@cox.net,631-288-2866
Pete Dubaldi,49,pdubaldi@hotmail.com,201-749-8866
Linn Paa,47,linn_paa@paa.com,901-573-9024
Paris Wide,41,paris@hotmail.com,404-607-8435
Wynell Dorshorst,27,wynell_dorshorst@dorshorst.org,650-749-9879
Quentin Birkner,28,qbirkner@aol.com,952-314-5871
Regenia Kannady,34,regenia.kannady@cox.net,480-205-5121
Sheron Louissant,50,sheron@aol.com,718-613-9994
Izetta Funnell,22,izetta.funnell@hotmail.com,770-584-4119
Rodolfo Butzen,46,rodolfo@hotmail.com,507-590-5237
Zona Colla,35,zona@hotmail.com,203-938-2557
Serina Zagen,50,szagen@aol.com,260-382-4869
Paz Sahagun,47,paz_sahagun@cox.net,601-249-4511
Markus Lukasik,35,markus@yahoo.com,586-247-1614
Jaclyn Bachman,46,jaclyn@aol.com,719-223-2074
Cyril Daufeldt,32,cyril_daufeldt@daufeldt.com,212-422-5427
Gayla Schnitzler,40,gschnitzler@gmail.com,510-441-4055
Erick Nievas,23,erick_nievas@aol.com,773-359-6109
Jennie Drymon,42,jennie@cox.net,570-868-8688
Mitsue Scipione,42,mscipione@scipione.com,530-399-3254
Ciara Ventura,20,cventura@yahoo.com,845-694-7919
Galen Cantres,49,galen@yahoo.com,216-871-6876
Truman Feichtner,21,tfeichtner@yahoo.com,973-473-5108
Gail Kitty,29,gail@kitty.com,907-770-3542
Dalene Schoeneck,36,dalene@schoeneck.org,215-380-8820
Gertude Witten,24,gertude.witten@gmail.com,513-863-9471
Lizbeth Kohl,26,lizbeth@yahoo.com,310-955-5788
Glenn Berray,27,gberray@gmail.com,515-372-1738
Lashandra Klang,21,lashandra@yahoo.com,610-378-7332
Lenna Newville,40,lnewville@newville.com,919-254-5987
Laurel Pagliuca,31,laurel@yahoo.com,509-595-6485
Mireya Frerking,29,mireya.frerking@hotmail.com,914-883-3061
Annelle Tagala,31,annelle@yahoo.com,410-234-2267
Dean Ketelsen,33,dean_ketelsen@gmail.com,516-732-6649
Levi Munis,24,levi.munis@gmail.com,508-658-7802
Sylvie Ryser,27,sylvie@aol.com,918-565-1706
Sharee Maile,27,sharee_maile@aol.com,231-265-6940
Cordelia Storment,44,cordelia_storment@aol.com,337-255-3427
Mollie Mcdoniel,31,mollie_mcdoniel@yahoo.com,419-417-4674
Brett Mccullan,40,brett.mccullan@mccullan.com,619-727-3892
Teddy Pedrozo,23,teddy_pedrozo@aol.com,203-918-3939
Tasia Andreason,20,tasia_andreason@yahoo.com,201-969-7063
Hubert Walthall,39,hubert@walthall.org,330-566-8898
Arthur Farrow,48,arthur.farrow@yahoo.com,201-772-4377
Vilma Berlanga,29,vberlanga@berlanga.com,616-568-4113
Billye Miro,43,billye_miro@cox.net,601-637-5479
Glenna Slayton,23,glenna_slayton@cox.net,901-869-4314
Mitzie Hudnall,20,mitzie_hudnall@yahoo.com,303-997-7760
Bernardine Rodefer,47,bernardine_rodefer@yahoo.com,901-739-5892
Staci Schmaltz,42,staci_schmaltz@aol.com,626-293-7678
Nichelle Meteer,30,nichelle_meteer@meteer.com,773-857-2231
Janine Rhoden,40,jrhoden@yahoo.com,718-728-5051
Ettie Hoopengardner,35,ettie.hoopengardner@hotmail.com,509-847-3352
Eden Jayson,39,eden_jayson@yahoo.com,410-429-4888
Lynelle Auber,28,lynelle_auber@gmail.com,973-605-6492
Merissa Tomblin,47,merissa.tomblin@gmail.com,562-719-7922
Golda Kaniecki,40,golda_kaniecki@yahoo.com,732-617-5310
Catarina Gleich,50,catarina_gleich@hotmail.com,973-491-8723
Virgie Kiel,30,vkiel@hotmail.com,303-845-5408
Jolene Ostolaza,23,jolene@yahoo.com,757-940-1741
Keneth Borgman,30,keneth@yahoo.com,602-442-3092
Rikki Nayar,38,rikki@nayar.com,305-978-2069
Elke Sengbusch,47,elke_sengbusch@yahoo.com,602-575-3457
Hoa Sarao,44,hoa@sarao.org,386-599-7296
Trinidad Mcrae,48,trinidad_mcrae@yahoo.com,415-419-1597
Mari Lueckenbach,43,mari_lueckenbach@yahoo.com,858-228-5683
Selma Husser,22,selma.husser@cox.net,201-772-7699
Antione Onofrio,46,aonofrio@onofrio.com,909-665-3223
Luisa Jurney,46,ljurney@hotmail.com,617-544-2541
Clorinda Heimann,21,clorinda.heimann@hotmail.com,760-261-4786
Dick Wenzinger,38,dick@yahoo.com,310-936-2258
Ahmed Angalich,25,ahmed.angalich@angalich.com,717-632-5831
Iluminada Ohms,43,iluminada.ohms@yahoo.com,480-866-6544
Joanna Leinenbach,33,joanna_leinenbach@hotmail.com,561-951-9734
Caprice Suell,36,caprice@aol.com,615-726-4537
Stephane Myricks,32,stephane_myricks@cox.net,859-308-4286
Quentin Swayze,46,quentin_swayze@yahoo.com,734-851-8571
Annmarie Castros,23,annmarie_castros@gmail.com,936-937-2334
Shonda Greenbush,27,shonda_greenbush@cox.net,973-644-2974
Cecil Lapage,33,clapage@lapage.com,201-856-2720
Jeanice Claucherty,44,jeanice.claucherty@yahoo.com,305-306-7834
Josphine Villanueva,33,josphine_villanueva@villanueva.com,931-486-6946
Daniel Perruzza,45,dperruzza@perruzza.com,714-531-1391
Cassi Wildfong,42,cassi.wildfong@aol.com,847-755-9041
Britt Galam,50,britt@galam.org,215-351-8523
Adell Lipkin,48,adell.lipkin@lipkin.com,973-662-8988
Jacqueline Rowling,37,jacqueline.rowling@yahoo.com,814-481-1700
Lonny Weglarz,31,lonny_weglarz@gmail.com,801-892-8781
Lonna Diestel,32,lonna_diestel@gmail.com,910-200-7912
Cristal Samara,31,cristal@cox.net,213-696-8004
Kenneth Grenet,29,kenneth.grenet@grenet.org,517-867-8077
Elli Mclaird,23,emclaird@mclaird.com,315-474-5570
Alline Jeanty,48,ajeanty@gmail.com,574-405-1983
Sharika Eanes,29,sharika.eanes@aol.com,407-472-1332
Nu Mcnease,24,nu@gmail.com,973-903-4175
Daniela Comnick,38,dcomnick@cox.net,609-398-2805
Cecilia Colaizzo,42,cecilia_colaizzo@colaizzo.com,608-302-3387
Leslie Threets,49,leslie@cox.net,914-396-2615
Nan Koppinger,38,nan@koppinger.com,336-564-1492
Izetta Dewar,28,idewar@dewar.com,410-522-7621
Tegan Arceo,42,tegan.arceo@arceo.org,732-705-6719
Ruthann Keener,29,ruthann@hotmail.com,830-919-5991
Joni Breland,25,joni_breland@cox.net,847-740-5304
Vi Rentfro,27,vrentfro@cox.net,732-724-7251
Colette Kardas,28,colette.kardas@yahoo.com,402-707-1602
Malcolm Tromblay,35,malcolm_tromblay@cox.net,703-874-4248
Ryan Harnos,20,ryan@cox.net,972-961-4968
Jess Chaffins,25,jess.chaffins@chaffins.org,212-428-9538
Sharen Bourbon,43,sbourbon@yahoo.com,516-749-3188
Nickolas Juvera,26,nickolas_juvera@cox.net,352-947-6152
Gary Nunlee,47,gary_nunlee@nunlee.org,317-887-8486
Diane Devreese,45,diane@cox.net,816-329-5565
Roslyn Chavous,22,roslyn.chavous@chavous.org,601-973-5754
Glory Schieler,34,glory@yahoo.com,325-740-3778
Rasheeda Sayaphon,42,rasheeda@aol.com,408-997-7490
Alpha Palaia,38,alpha@yahoo.com,856-513-7024
Refugia Jacobos,36,refugia.jacobos@jacobos.com,510-509-3496
Shawnda Yori,31,shawnda.yori@yahoo.com,407-564-8113
Mona Delasancha,45,mdelasancha@hotmail.com,307-816-7115
Gilma Liukko,35,gilma_liukko@gmail.com,516-407-9573
Janey Gabisi,42,jgabisi@hotmail.com,608-586-6912
Lili Paskin,46,lili.paskin@cox.net,201-478-8540
Loren Asar,28,loren.asar@aol.com,570-569-2356
Dorothy Chesterfield,37,dorothy@cox.net,858-732-1884
Gail Similton,45,gail_similton@similton.com,760-493-9208
Catalina Tillotson,49,catalina@hotmail.com,609-826-4990
Lawrence Lorens,42,lawrence.lorens@hotmail.com,401-893-1820
Carlee Boulter,21,carlee.boulter@hotmail.com,785-253-7049
Thaddeus Ankeny,34,tankeny@ankeny.org,916-459-2433
Jovita Oles,27,joles@gmail.com,386-208-6976
Alesia Hixenbaugh,21,alesia_hixenbaugh@hixenbaugh.org,202-276-6826
Lai Harabedian,32,lai@gmail.com,415-926-6089
Brittni Gillaspie,49,bgillaspie@gillaspie.com,208-206-9848
Raylene Kampa,49,rkampa@kampa.org,574-330-1884
Flo Bookamer,20,flo.bookamer@cox.net,308-250-6987
Jani Biddy,50,jbiddy@yahoo.com,206-395-6284
Chauncey Motley,40,chauncey_motley@aol.com,407-557-8857